<?xml version="1.0" encoding="UTF-8"?>
<project xmlns="http://maven.apache.org/POM/4.0.0" xmlns:xsi="http://www.w3.org/2001/XMLSchema-instance" xsi:schemaLocation="http://maven.apache.org/POM/4.0.0 http://maven.apache.org/maven-v4_0_0.xsd">
  <modelVersion>4.0.0</modelVersion>
  <groupId>ar.com.leo</groupId>
  <artifactId>excel-pdf</artifactId>
  <version>1.0</version>
  <build>
    <plugins>
      <plugin>
        <groupId>org.openjfx</groupId>
        <artifactId>javafx-maven-plugin</artifactId>
        <version>0.0.8</version>
        <configuration>
          <mainClass>Main</mainClass>
        </configuration>
      </plugin>
      <plugin>
        <artifactId>maven-shade-plugin</artifactId>
        <version>3.4.1</version>
        <executions>
          <execution>
            <goals>
              <goal>shade</goal>
            </goals>
            <configuration>
              <shadedArtifactAttached>true</shadedArtifactAttached>
              <transformers>
                <transformer>
                  <mainClass>Launcher</mainClass>
                </transformer>
              </transformers>
            </configuration>
          </execution>
        </executions>
      </plugin>
    </plugins>
  </build>
  <dependencies>
    <dependency>
      <groupId>com.itextpdf</groupId>
      <artifactId>itext7-core</artifactId>
      <version>8.0.0</version>
      <type>pom</type>
      <scope>compile</scope>
    </dependency>
  </dependencies>
  <properties>
    <maven.compiler.release>20</maven.compiler.release>
    <maven.compiler.target>20</maven.compiler.target>
    <maven.compiler.source>20</maven.compiler.source>
  </properties>
</project>
